{"aud":{"code":"AUD","alphaCode":"AUD","numericCode":"036","name":"Australian Dollar","rate":1.6479894528675,"date":"Mon, 24 Feb 2025 05:55:02 GMT","inverseRate":0.6068},"cad":{"code":"CAD","alphaCode":"CAD","numericCode":"124","name":"Canadian Dollar","rate":1.4924192485168,"date":"Mon, 24 Feb 2025 05:55:02 GMT","inverseRate":0.67005300353357},"chf":{"code":"CHF","alphaCode":"CHF","numericCode":"756","name":"Swiss Franc","rate":0.94215557020435,"date":"Mon, 24 Feb 2025 05:55:02 GMT","inverseRate":1.0613958369774},"cny":{"code":"CNY","alphaCode":"CNY","numericCode":"156","name":"Chinese Yuan","rate":7.6079433091628,"date":"Mon, 24 Feb 2025 05:55:02 GMT","inverseRate":0.13144156828766},"gbp":{"code":"GBP","alphaCode":"GBP","numericCode":"826","name":"U.K. Pound Sterling","rate":0.82943309162821,"date":"Mon, 24 Feb 2025 05:55:02 GMT","inverseRate":1.2056427577985},"hkd":{"code":"HKD","alphaCode":"HKD","numericCode":"344","name":"Hong Kong Dollar","rate":8.1725444957152,"date":"Mon, 24 Feb 2025 05:55:02 GMT","inverseRate":0.12236091226231},"idr":{"code":"IDR","alphaCode":"IDR","numericCode":"360","name":"Indonesian Rupiah","rate":17148.978246539,"date":"Mon, 24 Feb 2025 05:55:02 GMT","inverseRate":5.8312512012301e-5},"inr":{"code":"INR","alphaCode":"INR","numericCode":"356","name":"Indian Rupee","rate":91.150296638102,"date":"Mon, 24 Feb 2025 05:55:02 GMT","inverseRate":0.010970891339722},"jpy":{"code":"JPY","alphaCode":"JPY","numericCode":"392","name":"Japanese Yen","rate":156.9545154911,"date":"Mon, 24 Feb 2025 05:55:02 GMT","inverseRate":0.0063712725745485},"krw":{"code":"KRW","alphaCode":"KRW","numericCode":"410","name":"South Korean Won","rate":1499.6539222149,"date":"Mon, 24 Feb 2025 05:55:02 GMT","inverseRate":0.00066682051451115},"myr":{"code":"MYR","alphaCode":"MYR","numericCode":"458","name":"Malaysian Ringgit","rate":4.6268951878708,"date":"Mon, 24 Feb 2025 05:55:02 GMT","inverseRate":0.2161276535119},"nzd":{"code":"NZD","alphaCode":"NZD","numericCode":"554","name":"New Zealand Dollar","rate":1.8256427158866,"date":"Mon, 24 Feb 2025 05:55:02 GMT","inverseRate":0.54775230185954},"php":{"code":"PHP","alphaCode":"PHP","numericCode":"608","name":"Philippine Peso","rate":60.827290705339,"date":"Mon, 24 Feb 2025 05:55:02 GMT","inverseRate":0.016439989162828},"sgd":{"code":"SGD","alphaCode":"SGD","numericCode":"702","name":"Singapore Dollar","rate":1.4011206328279,"date":"Mon, 24 Feb 2025 05:55:02 GMT","inverseRate":0.71371442013644},"thb":{"code":"THB","alphaCode":"THB","numericCode":"764","name":"Thai Baht","rate":35.20105471325,"date":"Mon, 24 Feb 2025 05:55:02 GMT","inverseRate":0.028408239700375},"twd":{"code":"TWD","alphaCode":"TWD","numericCode":"901","name":"New Taiwan Dollar ","rate":34.410019775873,"date":"Mon, 24 Feb 2025 05:55:02 GMT","inverseRate":0.029061302681992},"usd":{"code":"USD","alphaCode":"USD","numericCode":"840","name":"U.S. Dollar","rate":1.0515820698748,"date":"Mon, 24 Feb 2025 05:55:02 GMT","inverseRate":0.95094812725278},"vnd":{"code":"VND","alphaCode":"VND","numericCode":"704","name":"Vietnamese Dong","rate":26799.604482531,"date":"Mon, 24 Feb 2025 05:55:02 GMT","inverseRate":3.7313983519862e-5},"bgn":{"code":"BGN","alphaCode":"BGN","numericCode":"975","name":"Bulgarian Lev","rate":1.9652652857505,"date":"Mon, 24 Feb 2025 05:55:02 GMT","inverseRate":0.5088371566173},"brl":{"code":"BRL","alphaCode":"BRL","numericCode":"986","name":"Brazilian Real","rate":6.0083182924784,"date":"Mon, 24 Feb 2025 05:55:02 GMT","inverseRate":0.16643592288575},"clp":{"code":"CLP","alphaCode":"CLP","numericCode":"152","name":"Chilean Peso","rate":991.69684204677,"date":"Mon, 24 Feb 2025 05:55:02 GMT","inverseRate":0.001008372677618},"czk":{"code":"CZK","alphaCode":"CZK","numericCode":"203","name":"Czech Koruna","rate":25.202112016508,"date":"Mon, 24 Feb 2025 05:55:02 GMT","inverseRate":0.039679214160502},"dkk":{"code":"DKK","alphaCode":"DKK","numericCode":"208","name":"Danish Krone","rate":7.4948133108961,"date":"Mon, 24 Feb 2025 05:55:02 GMT","inverseRate":0.13342560495085},"huf":{"code":"HUF","alphaCode":"HUF","numericCode":"348","name":"Hungarian Forint","rate":406.58338033731,"date":"Mon, 24 Feb 2025 05:55:02 GMT","inverseRate":0.002459520109185},"ils":{"code":"ILS","alphaCode":"ILS","numericCode":"376","name":"Israeli New Sheqel","rate":3.740555435974,"date":"Mon, 24 Feb 2025 05:55:02 GMT","inverseRate":0.26733997587169},"isk":{"code":"ISK","alphaCode":"ISK","numericCode":"352","name":"Icelandic Krona","rate":146.40407524943,"date":"Mon, 24 Feb 2025 05:55:02 GMT","inverseRate":0.0068304109588228},"mxn":{"code":"MXN","alphaCode":"MXN","numericCode":"484","name":"Mexican Peso","rate":21.393175141876,"date":"Mon, 24 Feb 2025 05:55:02 GMT","inverseRate":0.046743879455396},"nok":{"code":"NOK","alphaCode":"NOK","numericCode":"578","name":"Norwegian Krone","rate":11.691394417702,"date":"Mon, 24 Feb 2025 05:55:02 GMT","inverseRate":0.085532996687367},"pln":{"code":"PLN","alphaCode":"PLN","numericCode":"985","name":"Polish Zloty","rate":4.1885486963911,"date":"Mon, 24 Feb 2025 05:55:02 GMT","inverseRate":0.2387461797595},"ron":{"code":"RON","alphaCode":"RON","numericCode":"946","name":"Romanian New Leu","rate":5.001377264328,"date":"Mon, 24 Feb 2025 05:55:02 GMT","inverseRate":0.19994492459756},"sek":{"code":"SEK","alphaCode":"SEK","numericCode":"752","name":"Swedish Krona","rate":11.194271394336,"date":"Mon, 24 Feb 2025 05:55:02 GMT","inverseRate":0.089331405749725},"try":{"code":"TRY","alphaCode":"TRY","numericCode":"949","name":"Turkish Lira","rate":38.297510922393,"date":"Mon, 24 Feb 2025 05:55:02 GMT","inverseRate":0.026111357524681},"uah":{"code":"UAH","alphaCode":"UAH","numericCode":"980","name":"Ukrainian Hryvnia","rate":43.720902851396,"date":"Mon, 24 Feb 2025 05:55:02 GMT","inverseRate":0.02287235474983},"zar":{"code":"ZAR","alphaCode":"ZAR","numericCode":"710","name":"South African Rand","rate":19.315890735168,"date":"Mon, 24 Feb 2025 05:55:02 GMT","inverseRate":0.051770845761689},"aed":{"code":"AED","alphaCode":"AED","numericCode":"784","name":"U.A.E Dirham","rate":3.8610101794667,"date":"Mon, 24 Feb 2025 05:55:02 GMT","inverseRate":0.25899957615188},"egp":{"code":"EGP","alphaCode":"EGP","numericCode":"818","name":"Egyptian Pound","rate":53.18279201337,"date":"Mon, 24 Feb 2025 05:55:02 GMT","inverseRate":0.018803074493505},"mdl":{"code":"MDL","alphaCode":"MDL","numericCode":"498","name":"Moldova Lei","rate":19.608333686264,"date":"Mon, 24 Feb 2025 05:55:02 GMT","inverseRate":0.050998724113947},"rsd":{"code":"RSD","alphaCode":"RSD","numericCode":"941","name":"Serbian Dinar","rate":117.58503524724,"date":"Mon, 24 Feb 2025 05:55:02 GMT","inverseRate":0.0085044835671251},"rub":{"code":"RUB","alphaCode":"RUB","numericCode":"643","name":"Russian Rouble","rate":93.427188365039,"date":"Mon, 24 Feb 2025 05:55:02 GMT","inverseRate":0.010703522363242},"jod":{"code":"JOD","alphaCode":"JOD","numericCode":"400","name":"Jordanian Dinar","rate":0.74560759887884,"date":"Mon, 24 Feb 2025 05:55:02 GMT","inverseRate":1.3411880478467},"lbp":{"code":"LBP","alphaCode":"LBP","numericCode":"422","name":"Lebanese Pound","rate":94085.525783544,"date":"Mon, 24 Feb 2025 05:55:02 GMT","inverseRate":1.0628627428842e-5},"amd":{"code":"AMD","alphaCode":"AMD","numericCode":"051","name":"Armenia Dram","rate":416.10998645352,"date":"Mon, 24 Feb 2025 05:55:02 GMT","inverseRate":0.0024032107677178},"azn":{"code":"AZN","alphaCode":"AZN","numericCode":"944","name":"Azerbaijan Manat","rate":1.7876682874376,"date":"Mon, 24 Feb 2025 05:55:02 GMT","inverseRate":0.55938789485011},"bdt":{"code":"BDT","alphaCode":"BDT","numericCode":"050","name":"Bangladeshi taka","rate":128.20998423412,"date":"Mon, 24 Feb 2025 05:55:02 GMT","inverseRate":0.0077997045703863},"dop":{"code":"DOP","alphaCode":"DOP","numericCode":"214","name":"Dominican Peso","rate":65.395440320645,"date":"Mon, 24 Feb 2025 05:55:02 GMT","inverseRate":0.015291586005031},"dzd":{"code":"DZD","alphaCode":"DZD","numericCode":"012","name":"Algerian Dinar","rate":141.59714687711,"date":"Mon, 24 Feb 2025 05:55:02 GMT","inverseRate":0.0070622891919416},"gel":{"code":"GEL","alphaCode":"GEL","numericCode":"981","name":"Georgian lari","rate":2.9550557986352,"date":"Mon, 24 Feb 2025 05:55:02 GMT","inverseRate":0.33840308547197},"iqd":{"code":"IQD","alphaCode":"IQD","numericCode":"368","name":"Iraqi dinar","rate":1377.1696729945,"date":"Mon, 24 Feb 2025 05:55:02 GMT","inverseRate":0.00072612693962798},"kgs":{"code":"KGS","alphaCode":"KGS","numericCode":"417","name":"Kyrgyzstan Som","rate":91.933982728696,"date":"Mon, 24 Feb 2025 05:55:02 GMT","inverseRate":0.010877370590493},"kzt":{"code":"KZT","alphaCode":"KZT","numericCode":"398","name":"Kazakhstani Tenge","rate":529.23065444953,"date":"Mon, 24 Feb 2025 05:55:02 GMT","inverseRate":0.0018895352935293},"lyd":{"code":"LYD","alphaCode":"LYD","numericCode":"434","name":"Libyan Dinar","rate":5.1434595407418,"date":"Mon, 24 Feb 2025 05:55:02 GMT","inverseRate":0.19442167126599},"mad":{"code":"MAD","alphaCode":"MAD","numericCode":"504","name":"Moroccan Dirham","rate":10.469114700409,"date":"Mon, 24 Feb 2025 05:55:02 GMT","inverseRate":0.095519060457033},"pkr":{"code":"PKR","alphaCode":"PKR","numericCode":"586","name":"Pakistani Rupee","rate":293.70721317811,"date":"Mon, 24 Feb 2025 05:55:02 GMT","inverseRate":0.0034047512459069},"sar":{"code":"SAR","alphaCode":"SAR","numericCode":"682","name":"Saudi Riyal","rate":3.9434144792687,"date":"Mon, 24 Feb 2025 05:55:02 GMT","inverseRate":0.25358734296311},"tjs":{"code":"TJS","alphaCode":"TJS","numericCode":"972","name":"Tajikistan Ruble","rate":11.504992891583,"date":"Mon, 24 Feb 2025 05:55:02 GMT","inverseRate":0.086918784689698},"tmt":{"code":"TMT","alphaCode":"TMT","numericCode":"934","name":"New Turkmenistan Manat","rate":3.679505194928,"date":"Mon, 24 Feb 2025 05:55:02 GMT","inverseRate":0.27177567282102},"tnd":{"code":"TND","alphaCode":"TND","numericCode":"788","name":"Tunisian Dinar","rate":3.3286966869614,"date":"Mon, 24 Feb 2025 05:55:02 GMT","inverseRate":0.30041787944123},"uzs":{"code":"UZS","alphaCode":"UZS","numericCode":"860","name":"Uzbekistan Sum","rate":13598.389776595,"date":"Mon, 24 Feb 2025 05:55:02 GMT","inverseRate":7.3538118588213e-5},"xaf":{"code":"XAF","alphaCode":"XAF","numericCode":"950","name":"Central African CFA Franc","rate":659.14249384504,"date":"Mon, 24 Feb 2025 05:55:02 GMT","inverseRate":0.0015171226393956},"xof":{"code":"XOF","alphaCode":"XOF","numericCode":"952","name":"West African CFA Franc","rate":659.14249384504,"date":"Mon, 24 Feb 2025 05:55:02 GMT","inverseRate":0.0015171226393956},"byn":{"code":"BYN","alphaCode":"BYN","numericCode":"933","name":"Belarussian Ruble","rate":3.4413639518992,"date":"Mon, 24 Feb 2025 05:55:02 GMT","inverseRate":0.29058245915783},"afn":{"code":"AFN","alphaCode":"AFN","numericCode":"971","name":"Afghan afghani","rate":77.771553182423,"date":"Mon, 24 Feb 2025 05:55:02 GMT","inverseRate":0.01285817190322},"all":{"code":"ALL","alphaCode":"ALL","numericCode":"008","name":"Albanian lek","rate":99.309943588841,"date":"Mon, 24 Feb 2025 05:55:02 GMT","inverseRate":0.010069485127694},"ang":{"code":"ANG","alphaCode":"ANG","numericCode":"532","name":"Neth. Antillean Guilder","rate":1.8822967351069,"date":"Mon, 24 Feb 2025 05:55:02 GMT","inverseRate":0.53126586331947},"aoa":{"code":"AOA","alphaCode":"AOA","numericCode":"973","name":"Angolan kwanza","rate":965.43574321411,"date":"Mon, 24 Feb 2025 05:55:02 GMT","inverseRate":0.0010358017165087},"ars":{"code":"ARS","alphaCode":"ARS","numericCode":"032","name":"Argentine Peso","rate":1113.4572261931,"date":"Mon, 24 Feb 2025 05:55:02 GMT","inverseRate":0.00089810365093138},"awg":{"code":"AWG","alphaCode":"AWG","numericCode":"533","name":"Aruban florin","rate":1.8822967351069,"date":"Mon, 24 Feb 2025 05:55:02 GMT","inverseRate":0.53126586331947},"bam":{"code":"BAM","alphaCode":"BAM","numericCode":"977","name":"Bosnia and Herzegovina convertible mark","rate":1.96532800738,"date":"Mon, 24 Feb 2025 05:55:02 GMT","inverseRate":0.50882091754909},"bbd":{"code":"BBD","alphaCode":"BBD","numericCode":"052","name":"Barbadian Dollar","rate":2.1031641397495,"date":"Mon, 24 Feb 2025 05:55:02 GMT","inverseRate":0.47547406362639},"bhd":{"code":"BHD","alphaCode":"BHD","numericCode":"048","name":"Bahrain Dinar","rate":0.39490850784594,"date":"Mon, 24 Feb 2025 05:55:02 GMT","inverseRate":2.5322320996693},"bif":{"code":"BIF","alphaCode":"BIF","numericCode":"108","name":"Burundian franc","rate":3074.142670061,"date":"Mon, 24 Feb 2025 05:55:02 GMT","inverseRate":0.00032529394609397},"bnd":{"code":"BND","alphaCode":"BND","numericCode":"096","name":"Brunei Dollar","rate":1.4061958419329,"date":"Mon, 24 Feb 2025 05:55:02 GMT","inverseRate":0.71113849876378},"bob":{"code":"BOB","alphaCode":"BOB","numericCode":"068","name":"Bolivian Boliviano","rate":7.2658965940437,"date":"Mon, 24 Feb 2025 05:55:02 GMT","inverseRate":0.13762926392591},"bsd":{"code":"BSD","alphaCode":"BSD","numericCode":"044","name":"Bahamian Dollar","rate":1.0515820698748,"date":"Mon, 24 Feb 2025 05:55:02 GMT","inverseRate":0.95094812725278},"bwp":{"code":"BWP","alphaCode":"BWP","numericCode":"072","name":"Botswana Pula","rate":14.524594238698,"date":"Mon, 24 Feb 2025 05:55:02 GMT","inverseRate":0.068848739150019},"bzd":{"code":"BZD","alphaCode":"BZD","numericCode":"084","name":"Belize dollar","rate":2.1031641397495,"date":"Mon, 24 Feb 2025 05:55:02 GMT","inverseRate":0.47547406362639},"cdf":{"code":"CDF","alphaCode":"CDF","numericCode":"976","name":"Congolese franc","rate":3003.0027662129,"date":"Mon, 24 Feb 2025 05:55:02 GMT","inverseRate":0.00033300002625742},"cop":{"code":"COP","alphaCode":"COP","numericCode":"170","name":"Colombian Peso","rate":4286.7884960499,"date":"Mon, 24 Feb 2025 05:55:02 GMT","inverseRate":0.00023327486320388},"crc":{"code":"CRC","alphaCode":"CRC","numericCode":"188","name":"Costa Rican Col\u00f3n","rate":531.47854458643,"date":"Mon, 24 Feb 2025 05:55:02 GMT","inverseRate":0.0018815434982011},"cup":{"code":"CUP","alphaCode":"CUP","numericCode":"192","name":"Cuban peso","rate":25.237969676994,"date":"Mon, 24 Feb 2025 05:55:02 GMT","inverseRate":0.039622838635533},"cve":{"code":"CVE","alphaCode":"CVE","numericCode":"132","name":"Cape Verde escudo","rate":110.80047485403,"date":"Mon, 24 Feb 2025 05:55:02 GMT","inverseRate":0.0090252320788105},"djf":{"code":"DJF","alphaCode":"DJF","numericCode":"262","name":"Djiboutian franc","rate":186.88819041152,"date":"Mon, 24 Feb 2025 05:55:02 GMT","inverseRate":0.0053507928874374},"ern":{"code":"ERN","alphaCode":"ERN","numericCode":"232","name":"Eritrean nakfa","rate":16.173362380361,"date":"Mon, 24 Feb 2025 05:55:02 GMT","inverseRate":0.061830062078759},"etb":{"code":"ETB","alphaCode":"ETB","numericCode":"230","name":"Ethiopian birr","rate":135.09116654032,"date":"Mon, 24 Feb 2025 05:55:02 GMT","inverseRate":0.0074024085039013},"fjd":{"code":"FJD","alphaCode":"FJD","numericCode":"242","name":"Fiji Dollar","rate":2.4330584479577,"date":"Mon, 24 Feb 2025 05:55:02 GMT","inverseRate":0.41100533398176},"ghs":{"code":"GHS","alphaCode":"GHS","numericCode":"936","name":"Ghanaian Cedi","rate":16.323487904718,"date":"Mon, 24 Feb 2025 05:55:02 GMT","inverseRate":0.061261417035202},"gip":{"code":"GIP","alphaCode":"GIP","numericCode":"292","name":"Gibraltar pound","rate":0.83161903586082,"date":"Mon, 24 Feb 2025 05:55:02 GMT","inverseRate":1.2024736771025},"gmd":{"code":"GMD","alphaCode":"GMD","numericCode":"270","name":"Gambian dalasi","rate":73.977517423965,"date":"Mon, 24 Feb 2025 05:55:02 GMT","inverseRate":0.013517620417958},"gnf":{"code":"GNF","alphaCode":"GNF","numericCode":"324","name":"Guinean franc","rate":9051.6112897277,"date":"Mon, 24 Feb 2025 05:55:02 GMT","inverseRate":0.0001104775678044},"gtq":{"code":"GTQ","alphaCode":"GTQ","numericCode":"320","name":"Guatemalan Quetzal","rate":8.1144152227927,"date":"Mon, 24 Feb 2025 05:55:02 GMT","inverseRate":0.12323746968125},"gyd":{"code":"GYD","alphaCode":"GYD","numericCode":"328","name":"Guyanese dollar","rate":220.01197051351,"date":"Mon, 24 Feb 2025 05:55:02 GMT","inverseRate":0.0045452072342518},"hnl":{"code":"HNL","alphaCode":"HNL","numericCode":"340","name":"Honduran Lempira","rate":26.877895083621,"date":"Mon, 24 Feb 2025 05:55:02 GMT","inverseRate":0.037205294420893},"htg":{"code":"HTG","alphaCode":"HTG","numericCode":"332","name":"Haitian gourde","rate":137.3672801608,"date":"Mon, 24 Feb 2025 05:55:02 GMT","inverseRate":0.0072797539474425},"jmd":{"code":"JMD","alphaCode":"JMD","numericCode":"388","name":"Jamaican Dollar","rate":165.62573353247,"date":"Mon, 24 Feb 2025 05:55:02 GMT","inverseRate":0.006037709108796},"kes":{"code":"KES","alphaCode":"KES","numericCode":"404","name":"Kenyan shilling","rate":136.14204521082,"date":"Mon, 24 Feb 2025 05:55:02 GMT","inverseRate":0.007345269409252},"khr":{"code":"KHR","alphaCode":"KHR","numericCode":"116","name":"Cambodian riel","rate":4220.9087437454,"date":"Mon, 24 Feb 2025 05:55:02 GMT","inverseRate":0.00023691580669253},"kmf":{"code":"KMF","alphaCode":"KMF","numericCode":"174","name":"\tComoro franc","rate":494.35687038378,"date":"Mon, 24 Feb 2025 05:55:02 GMT","inverseRate":0.0020228301858608},"kwd":{"code":"KWD","alphaCode":"KWD","numericCode":"414","name":"Kuwaiti Dinar","rate":0.32466905568708,"date":"Mon, 24 Feb 2025 05:55:02 GMT","inverseRate":3.0800594712784},"lak":{"code":"LAK","alphaCode":"LAK","numericCode":"418","name":"Lao kip","rate":21543.113230812,"date":"Mon, 24 Feb 2025 05:55:02 GMT","inverseRate":4.6418546348712e-5},"lkr":{"code":"LKR","alphaCode":"LKR","numericCode":"144","name":"Sri Lanka Rupee","rate":311.30979324622,"date":"Mon, 24 Feb 2025 05:55:02 GMT","inverseRate":0.003212234313519},"lrd":{"code":"LRD","alphaCode":"LRD","numericCode":"430","name":"Liberian dollar","rate":208.30790729433,"date":"Mon, 24 Feb 2025 05:55:02 GMT","inverseRate":0.0048005858874432},"lsl":{"code":"LSL","alphaCode":"LSL","numericCode":"426","name":"Lesotho loti","rate":19.338458609402,"date":"Mon, 24 Feb 2025 05:55:02 GMT","inverseRate":0.051710429471033},"mga":{"code":"MGA","alphaCode":"MGA","numericCode":"969","name":"Malagasy ariary","rate":4943.5712159784,"date":"Mon, 24 Feb 2025 05:55:02 GMT","inverseRate":0.00020228291579331},"mkd":{"code":"MKD","alphaCode":"MKD","numericCode":"807","name":"Macedonian denar","rate":61.867291306899,"date":"Mon, 24 Feb 2025 05:55:02 GMT","inverseRate":0.016163629906462},"mmk":{"code":"MMK","alphaCode":"MMK","numericCode":"104","name":"Myanma Kyat","rate":2208.3725895497,"date":"Mon, 24 Feb 2025 05:55:02 GMT","inverseRate":0.00045282213913184},"mnt":{"code":"MNT","alphaCode":"MNT","numericCode":"496","name":"Mongolian togrog","rate":3641.1971222152,"date":"Mon, 24 Feb 2025 05:55:02 GMT","inverseRate":0.00027463495285629},"mop":{"code":"MOP","alphaCode":"MOP","numericCode":"446","name":"Macanese pataca","rate":8.4173793833921,"date":"Mon, 24 Feb 2025 05:55:02 GMT","inverseRate":0.11880182114318},"mru":{"code":"MRU","alphaCode":"MRU","numericCode":"929","name":"Mauritanian ouguiya","rate":41.884418381767,"date":"Mon, 24 Feb 2025 05:55:02 GMT","inverseRate":0.023875227080515},"mur":{"code":"MUR","alphaCode":"MUR","numericCode":"480","name":"Mauritian Rupee","rate":48.850282906168,"date":"Mon, 24 Feb 2025 05:55:02 GMT","inverseRate":0.020470710516064},"mvr":{"code":"MVR","alphaCode":"MVR","numericCode":"462","name":"Maldivian rufiyaa","rate":16.204914866739,"date":"Mon, 24 Feb 2025 05:55:02 GMT","inverseRate":0.061709673159255},"mwk":{"code":"MWK","alphaCode":"MWK","numericCode":"454","name":"Malawian kwacha","rate":1822.2102500535,"date":"Mon, 24 Feb 2025 05:55:02 GMT","inverseRate":0.0005487840933672},"mzn":{"code":"MZN","alphaCode":"MZN","numericCode":"943","name":"Mozambican metical","rate":67.13444633381,"date":"Mon, 24 Feb 2025 05:55:02 GMT","inverseRate":0.014895482939231},"nad":{"code":"NAD","alphaCode":"NAD","numericCode":"516","name":"Namibian dollar","rate":19.338458609402,"date":"Mon, 24 Feb 2025 05:55:02 GMT","inverseRate":0.051710429471033},"ngn":{"code":"NGN","alphaCode":"NGN","numericCode":"566","name":"Nigerian Naira","rate":1578.1512654953,"date":"Mon, 24 Feb 2025 05:55:02 GMT","inverseRate":0.00063365282014723},"nio":{"code":"NIO","alphaCode":"NIO","numericCode":"558","name":"Nicaraguan C\u00f3rdoba","rate":38.681640043199,"date":"Mon, 24 Feb 2025 05:55:02 GMT","inverseRate":0.025852057950056},"npr":{"code":"NPR","alphaCode":"NPR","numericCode":"524","name":"Nepalese Rupee","rate":145.76012733218,"date":"Mon, 24 Feb 2025 05:55:02 GMT","inverseRate":0.006860586761982},"omr":{"code":"OMR","alphaCode":"OMR","numericCode":"512","name":"Omani Rial","rate":0.40435415663411,"date":"Mon, 24 Feb 2025 05:55:02 GMT","inverseRate":2.4730795605617},"pab":{"code":"PAB","alphaCode":"PAB","numericCode":"590","name":"Panamanian Balboa","rate":1.0515820698748,"date":"Mon, 24 Feb 2025 05:55:02 GMT","inverseRate":0.95094812725278},"pen":{"code":"PEN","alphaCode":"PEN","numericCode":"604","name":"Peruvian Nuevo Sol","rate":3.8689166265122,"date":"Mon, 24 Feb 2025 05:55:02 GMT","inverseRate":0.25847028936922},"pgk":{"code":"PGK","alphaCode":"PGK","numericCode":"598","name":"Papua New Guinean kina","rate":4.2573749772053,"date":"Mon, 24 Feb 2025 05:55:02 GMT","inverseRate":0.23488652170743},"pyg":{"code":"PYG","alphaCode":"PYG","numericCode":"600","name":"Paraguayan Guaran\u00ed","rate":8308.6560523099,"date":"Mon, 24 Feb 2025 05:55:02 GMT","inverseRate":0.00012035640826918},"qar":{"code":"QAR","alphaCode":"QAR","numericCode":"634","name":"Qatari Rial","rate":3.8277989285943,"date":"Mon, 24 Feb 2025 05:55:02 GMT","inverseRate":0.26124674222824},"rwf":{"code":"RWF","alphaCode":"RWF","numericCode":"646","name":"Rwandan franc","rate":1474.8519420922,"date":"Mon, 24 Feb 2025 05:55:02 GMT","inverseRate":0.00067803416157247},"sbd":{"code":"SBD","alphaCode":"SBD","numericCode":"090","name":"Solomon Islands dollar","rate":8.8816229727683,"date":"Mon, 24 Feb 2025 05:55:02 GMT","inverseRate":0.11259203448132},"scr":{"code":"SCR","alphaCode":"SCR","numericCode":"690","name":"Seychelles rupee","rate":15.487447501339,"date":"Mon, 24 Feb 2025 05:55:02 GMT","inverseRate":0.064568419031833},"sdg":{"code":"SDG","alphaCode":"SDG","numericCode":"938","name":"Sudanese pound","rate":631.49457741393,"date":"Mon, 24 Feb 2025 05:55:02 GMT","inverseRate":0.0015835448723806},"sos":{"code":"SOS","alphaCode":"SOS","numericCode":"706","name":"Somali shilling","rate":600.82144074435,"date":"Mon, 24 Feb 2025 05:55:02 GMT","inverseRate":0.0016643880064618},"srd":{"code":"SRD","alphaCode":"SRD","numericCode":"968","name":"Surinamese dollar","rate":37.296244725725,"date":"Mon, 24 Feb 2025 05:55:02 GMT","inverseRate":0.02681235087752},"ssp":{"code":"SSP","alphaCode":"SSP","numericCode":"728","name":"South Sudanese pound","rate":4668.4354439934,"date":"Mon, 24 Feb 2025 05:55:02 GMT","inverseRate":0.00021420452569107},"stn":{"code":"STN","alphaCode":"STN","numericCode":"930","name":"S\u00e3o Tom\u00e9 and Pr\u00edncipe Dobra","rate":24.618978224493,"date":"Mon, 24 Feb 2025 05:55:02 GMT","inverseRate":0.04061907000694},"svc":{"code":"SVC","alphaCode":"SVC","numericCode":"222","name":"Salvadoran colon","rate":9.2013682328104,"date":"Mon, 24 Feb 2025 05:55:02 GMT","inverseRate":0.10867948925619},"szl":{"code":"SZL","alphaCode":"SZL","numericCode":"748","name":"Swazi lilangeni","rate":19.338458609402,"date":"Mon, 24 Feb 2025 05:55:02 GMT","inverseRate":0.051710429471033},"top":{"code":"TOP","alphaCode":"TOP","numericCode":"776","name":"Tongan pa\u02bbanga","rate":2.5121406351523,"date":"Mon, 24 Feb 2025 05:55:02 GMT","inverseRate":0.39806688606801},"ttd":{"code":"TTD","alphaCode":"TTD","numericCode":"780","name":"Trinidad Tobago Dollar","rate":7.1357857169628,"date":"Mon, 24 Feb 2025 05:55:02 GMT","inverseRate":0.1401387372974},"tzs":{"code":"TZS","alphaCode":"TZS","numericCode":"834","name":"Tanzanian shilling","rate":2724.4858539042,"date":"Mon, 24 Feb 2025 05:55:02 GMT","inverseRate":0.0003670417295678},"ugx":{"code":"UGX","alphaCode":"UGX","numericCode":"800","name":"Ugandan shilling","rate":3860.9591849783,"date":"Mon, 24 Feb 2025 05:55:02 GMT","inverseRate":0.00025900299694715},"uyu":{"code":"UYU","alphaCode":"UYU","numericCode":"858","name":"Uruguayan Peso","rate":45.354546589986,"date":"Mon, 24 Feb 2025 05:55:02 GMT","inverseRate":0.022048506162793},"ves":{"code":"VES","alphaCode":"VES","numericCode":"928","name":"Venezuelan Bolivar","rate":66.38339727224,"date":"Mon, 24 Feb 2025 05:55:02 GMT","inverseRate":0.015064007584592},"vuv":{"code":"VUV","alphaCode":"VUV","numericCode":"548","name":"Vanuatu vatu","rate":129.07378583413,"date":"Mon, 24 Feb 2025 05:55:02 GMT","inverseRate":0.0077475065408333},"wst":{"code":"WST","alphaCode":"WST","numericCode":"882","name":"Samoan tala","rate":2.9503584475483,"date":"Mon, 24 Feb 2025 05:55:02 GMT","inverseRate":0.33894186681994},"xcd":{"code":"XCD","alphaCode":"XCD","numericCode":"951","name":"East Caribbean Dollar","rate":2.8393218314745,"date":"Mon, 24 Feb 2025 05:55:02 GMT","inverseRate":0.35219677773571},"xpf":{"code":"XPF","alphaCode":"XPF","numericCode":"953","name":"CFP Franc","rate":119.91120505272,"date":"Mon, 24 Feb 2025 05:55:02 GMT","inverseRate":0.0083395042153094},"yer":{"code":"YER","alphaCode":"YER","numericCode":"886","name":"Yemeni rial","rate":260.06684711351,"date":"Mon, 24 Feb 2025 05:55:02 GMT","inverseRate":0.0038451652377035},"zmw":{"code":"ZMW","alphaCode":"ZMW","numericCode":"967","name":"Zambian kwacha","rate":29.723748480747,"date":"Mon, 24 Feb 2025 05:55:02 GMT","inverseRate":0.033643132212874},"irr":{"code":"IRR","alphaCode":"IRR","numericCode":"364","name":"Iranian rial","rate":44138.773722376,"date":"Mon, 24 Feb 2025 05:55:02 GMT","inverseRate":2.265581745179e-5},"syp":{"code":"SYP","alphaCode":"SYP","numericCode":"760","name":"Syrian pound","rate":13703.214064136,"date":"Mon, 24 Feb 2025 05:55:02 GMT","inverseRate":7.297558042366e-5}}