{"aud":{"code":"AUD","alphaCode":"AUD","numericCode":"036","name":"Australian Dollar","rate":1.7625107577635,"date":"Thu, 9 Oct 2025 07:55:14 GMT","inverseRate":0.56737242345626},"cad":{"code":"CAD","alphaCode":"CAD","numericCode":"124","name":"Canadian Dollar","rate":1.6230353844421,"date":"Thu, 9 Oct 2025 07:55:14 GMT","inverseRate":0.61612951238506},"chf":{"code":"CHF","alphaCode":"CHF","numericCode":"756","name":"Swiss Franc","rate":0.93231993231487,"date":"Thu, 9 Oct 2025 07:55:14 GMT","inverseRate":1.0725931789499},"cny":{"code":"CNY","alphaCode":"CNY","numericCode":"156","name":"Chinese Yuan","rate":8.2987180574888,"date":"Thu, 9 Oct 2025 07:55:14 GMT","inverseRate":0.12050053912816},"gbp":{"code":"GBP","alphaCode":"GBP","numericCode":"826","name":"U.K. Pound Sterling","rate":0.86833449727237,"date":"Thu, 9 Oct 2025 07:55:14 GMT","inverseRate":1.1516299342491},"hkd":{"code":"HKD","alphaCode":"HKD","numericCode":"344","name":"Hong Kong Dollar","rate":9.0615290005011,"date":"Thu, 9 Oct 2025 07:55:14 GMT","inverseRate":0.11035665172453},"idr":{"code":"IDR","alphaCode":"IDR","numericCode":"360","name":"Indonesian Rupiah","rate":19250.287918024,"date":"Thu, 9 Oct 2025 07:55:14 GMT","inverseRate":5.1947274984065e-5},"inr":{"code":"INR","alphaCode":"INR","numericCode":"356","name":"Indian Rupee","rate":103.38343198026,"date":"Thu, 9 Oct 2025 07:55:14 GMT","inverseRate":0.009672729767676},"jpy":{"code":"JPY","alphaCode":"JPY","numericCode":"392","name":"Japanese Yen","rate":177.56638649464,"date":"Thu, 9 Oct 2025 07:55:14 GMT","inverseRate":0.0056316965149831},"krw":{"code":"KRW","alphaCode":"KRW","numericCode":"410","name":"South Korean Won","rate":1638.5500585113,"date":"Thu, 9 Oct 2025 07:55:14 GMT","inverseRate":0.00061029566646779},"myr":{"code":"MYR","alphaCode":"MYR","numericCode":"458","name":"Malaysian Ringgit","rate":4.9082070421441,"date":"Thu, 9 Oct 2025 07:55:14 GMT","inverseRate":0.2037403865431},"nzd":{"code":"NZD","alphaCode":"NZD","numericCode":"554","name":"New Zealand Dollar","rate":2.006578414387,"date":"Thu, 9 Oct 2025 07:55:14 GMT","inverseRate":0.49836078811078},"php":{"code":"PHP","alphaCode":"PHP","numericCode":"608","name":"Philippine Peso","rate":67.499533273046,"date":"Thu, 9 Oct 2025 07:55:14 GMT","inverseRate":0.014814917252166},"sgd":{"code":"SGD","alphaCode":"SGD","numericCode":"702","name":"Singapore Dollar","rate":1.5070473335195,"date":"Thu, 9 Oct 2025 07:55:14 GMT","inverseRate":0.66354916515108},"thb":{"code":"THB","alphaCode":"THB","numericCode":"764","name":"Thai Baht","rate":37.928062006139,"date":"Thu, 9 Oct 2025 07:55:14 GMT","inverseRate":0.026365702519631},"twd":{"code":"TWD","alphaCode":"TWD","numericCode":"901","name":"New Taiwan Dollar ","rate":35.512480205604,"date":"Thu, 9 Oct 2025 07:55:14 GMT","inverseRate":0.02815911460451},"usd":{"code":"USD","alphaCode":"USD","numericCode":"840","name":"U.S. Dollar","rate":1.1646059977862,"date":"Thu, 9 Oct 2025 07:55:14 GMT","inverseRate":0.85865949677477},"vnd":{"code":"VND","alphaCode":"VND","numericCode":"704","name":"Vietnamese Dong","rate":30685.613424916,"date":"Thu, 9 Oct 2025 07:55:14 GMT","inverseRate":3.2588561491426e-5},"aed":{"code":"AED","alphaCode":"AED","numericCode":"784","name":"U.A.E Dirham","rate":4.2767214010646,"date":"Thu, 9 Oct 2025 07:55:14 GMT","inverseRate":0.23382397547595},"qar":{"code":"QAR","alphaCode":"QAR","numericCode":"634","name":"Qatari Rial","rate":4.2453989344652,"date":"Thu, 9 Oct 2025 07:55:14 GMT","inverseRate":0.23554912398968},"sar":{"code":"SAR","alphaCode":"SAR","numericCode":"682","name":"Saudi Riyal","rate":4.368453976044,"date":"Thu, 9 Oct 2025 07:55:14 GMT","inverseRate":0.22891393739842},"dkk":{"code":"DKK","alphaCode":"DKK","numericCode":"208","name":"Danish Krone","rate":7.4795475188534,"date":"Thu, 9 Oct 2025 07:55:14 GMT","inverseRate":0.13369792724484},"egp":{"code":"EGP","alphaCode":"EGP","numericCode":"818","name":"Egyptian Pound","rate":55.394557502661,"date":"Thu, 9 Oct 2025 07:55:14 GMT","inverseRate":0.018052314976105},"ils":{"code":"ILS","alphaCode":"ILS","numericCode":"376","name":"Israeli New Sheqel","rate":3.8231901799872,"date":"Thu, 9 Oct 2025 07:55:14 GMT","inverseRate":0.26156166785387},"jod":{"code":"JOD","alphaCode":"JOD","numericCode":"400","name":"Jordanian Dinar","rate":0.82583948542439,"date":"Thu, 9 Oct 2025 07:55:14 GMT","inverseRate":1.2108890621597},"lbp":{"code":"LBP","alphaCode":"LBP","numericCode":"422","name":"Lebanese Pound","rate":103483.94194201,"date":"Thu, 9 Oct 2025 07:55:14 GMT","inverseRate":9.6633350183005e-6},"nok":{"code":"NOK","alphaCode":"NOK","numericCode":"578","name":"Norwegian Krone","rate":11.629011835689,"date":"Thu, 9 Oct 2025 07:55:14 GMT","inverseRate":0.085991829239609},"sek":{"code":"SEK","alphaCode":"SEK","numericCode":"752","name":"Swedish Krona","rate":10.986730744054,"date":"Thu, 9 Oct 2025 07:55:14 GMT","inverseRate":0.091018886627505},"zar":{"code":"ZAR","alphaCode":"ZAR","numericCode":"710","name":"South African Rand","rate":20.003011328558,"date":"Thu, 9 Oct 2025 07:55:14 GMT","inverseRate":0.049992472811946},"afn":{"code":"AFN","alphaCode":"AFN","numericCode":"971","name":"Afghan afghani","rate":77.200943178617,"date":"Thu, 9 Oct 2025 07:55:14 GMT","inverseRate":0.012953209621887},"all":{"code":"ALL","alphaCode":"ALL","numericCode":"008","name":"Albanian lek","rate":96.910949635971,"date":"Thu, 9 Oct 2025 07:55:14 GMT","inverseRate":0.010318751428567},"amd":{"code":"AMD","alphaCode":"AMD","numericCode":"051","name":"Armenia Dram","rate":445.96244288838,"date":"Thu, 9 Oct 2025 07:55:14 GMT","inverseRate":0.0022423412911708},"aoa":{"code":"AOA","alphaCode":"AOA","numericCode":"973","name":"Angolan kwanza","rate":1070.0541303344,"date":"Thu, 9 Oct 2025 07:55:14 GMT","inverseRate":0.00093453216211356},"ars":{"code":"ARS","alphaCode":"ARS","numericCode":"032","name":"Argentine Peso","rate":1665.1585309452,"date":"Thu, 9 Oct 2025 07:55:14 GMT","inverseRate":0.00060054342059093},"awg":{"code":"AWG","alphaCode":"AWG","numericCode":"533","name":"Aruban florin","rate":2.0869529282501,"date":"Thu, 9 Oct 2025 07:55:14 GMT","inverseRate":0.47916749173567},"azn":{"code":"AZN","alphaCode":"AZN","numericCode":"944","name":"Azerbaijan Manat","rate":1.980034237272,"date":"Thu, 9 Oct 2025 07:55:14 GMT","inverseRate":0.50504177209469},"bam":{"code":"BAM","alphaCode":"BAM","numericCode":"977","name":"Bosnia and Herzegovina convertible mark","rate":1.9596702256005,"date":"Thu, 9 Oct 2025 07:55:14 GMT","inverseRate":0.51028993906031},"bbd":{"code":"BBD","alphaCode":"BBD","numericCode":"052","name":"Barbadian Dollar","rate":2.3310022078805,"date":"Thu, 9 Oct 2025 07:55:14 GMT","inverseRate":0.42900002265946},"bdt":{"code":"BDT","alphaCode":"BDT","numericCode":"050","name":"Bangladeshi taka","rate":141.84673549204,"date":"Thu, 9 Oct 2025 07:55:14 GMT","inverseRate":0.0070498626318836},"bgn":{"code":"BGN","alphaCode":"BGN","numericCode":"975","name":"Bulgarian Lev","rate":1.9591901534787,"date":"Thu, 9 Oct 2025 07:55:14 GMT","inverseRate":0.5104149784667},"bhd":{"code":"BHD","alphaCode":"BHD","numericCode":"048","name":"Bahrain Dinar","rate":0.43788947234732,"date":"Thu, 9 Oct 2025 07:55:14 GMT","inverseRate":2.2836813012185},"bif":{"code":"BIF","alphaCode":"BIF","numericCode":"108","name":"Burundian franc","rate":3444.3083348285,"date":"Thu, 9 Oct 2025 07:55:14 GMT","inverseRate":0.00029033405339705},"bnd":{"code":"BND","alphaCode":"BND","numericCode":"096","name":"Brunei Dollar","rate":1.5088720428162,"date":"Thu, 9 Oct 2025 07:55:14 GMT","inverseRate":0.66274672180522},"bob":{"code":"BOB","alphaCode":"BOB","numericCode":"068","name":"Bolivian Boliviano","rate":8.0494277070227,"date":"Thu, 9 Oct 2025 07:55:14 GMT","inverseRate":0.12423243445339},"brl":{"code":"BRL","alphaCode":"BRL","numericCode":"986","name":"Brazilian Real","rate":6.2330254099307,"date":"Thu, 9 Oct 2025 07:55:14 GMT","inverseRate":0.16043573292783},"bsd":{"code":"BSD","alphaCode":"BSD","numericCode":"044","name":"Bahamian Dollar","rate":1.1646059977862,"date":"Thu, 9 Oct 2025 07:55:14 GMT","inverseRate":0.85865949677477},"bwp":{"code":"BWP","alphaCode":"BWP","numericCode":"072","name":"Botswana Pula","rate":16.199121942196,"date":"Thu, 9 Oct 2025 07:55:14 GMT","inverseRate":0.061731740989935},"byn":{"code":"BYN","alphaCode":"BYN","numericCode":"933","name":"Belarussian Ruble","rate":3.9613838784672,"date":"Thu, 9 Oct 2025 07:55:14 GMT","inverseRate":0.25243703480384},"bzd":{"code":"BZD","alphaCode":"BZD","numericCode":"084","name":"Belize dollar","rate":2.3306968533711,"date":"Thu, 9 Oct 2025 07:55:14 GMT","inverseRate":0.42905622777738},"cdf":{"code":"CDF","alphaCode":"CDF","numericCode":"976","name":"Congolese franc","rate":2810.2148344307,"date":"Thu, 9 Oct 2025 07:55:14 GMT","inverseRate":0.00035584468053759},"clp":{"code":"CLP","alphaCode":"CLP","numericCode":"152","name":"Chilean Peso","rate":1116.8843208304,"date":"Thu, 9 Oct 2025 07:55:14 GMT","inverseRate":0.00089534787206655},"cop":{"code":"COP","alphaCode":"COP","numericCode":"170","name":"Colombian Peso","rate":4515.9641934232,"date":"Thu, 9 Oct 2025 07:55:14 GMT","inverseRate":0.00022143665387258},"crc":{"code":"CRC","alphaCode":"CRC","numericCode":"188","name":"Costa Rican Col\u00f3n","rate":586.92799348086,"date":"Thu, 9 Oct 2025 07:55:14 GMT","inverseRate":0.0017037865140311},"cve":{"code":"CVE","alphaCode":"CVE","numericCode":"132","name":"Cape Verde escudo","rate":110.50151741478,"date":"Thu, 9 Oct 2025 07:55:14 GMT","inverseRate":0.0090496494835124},"czk":{"code":"CZK","alphaCode":"CZK","numericCode":"203","name":"Czech Koruna","rate":24.410908792856,"date":"Thu, 9 Oct 2025 07:55:14 GMT","inverseRate":0.040965291726159},"djf":{"code":"DJF","alphaCode":"DJF","numericCode":"262","name":"Djiboutian franc","rate":207.03868179352,"date":"Thu, 9 Oct 2025 07:55:14 GMT","inverseRate":0.0048300152963555},"dop":{"code":"DOP","alphaCode":"DOP","numericCode":"214","name":"Dominican Peso","rate":73.268136745669,"date":"Thu, 9 Oct 2025 07:55:14 GMT","inverseRate":0.013648497756552},"dzd":{"code":"DZD","alphaCode":"DZD","numericCode":"012","name":"Algerian Dinar","rate":151.20712500912,"date":"Thu, 9 Oct 2025 07:55:14 GMT","inverseRate":0.0066134449678855},"ern":{"code":"ERN","alphaCode":"ERN","numericCode":"232","name":"Eritrean nakfa","rate":17.881378535777,"date":"Thu, 9 Oct 2025 07:55:14 GMT","inverseRate":0.055924099923237},"etb":{"code":"ETB","alphaCode":"ETB","numericCode":"230","name":"Ethiopian birr","rate":169.30235323088,"date":"Thu, 9 Oct 2025 07:55:14 GMT","inverseRate":0.0059065924419626},"fjd":{"code":"FJD","alphaCode":"FJD","numericCode":"242","name":"Fiji Dollar","rate":2.6586347004523,"date":"Thu, 9 Oct 2025 07:55:14 GMT","inverseRate":0.37613290755209},"gel":{"code":"GEL","alphaCode":"GEL","numericCode":"981","name":"Georgian lari","rate":3.1577689254041,"date":"Thu, 9 Oct 2025 07:55:14 GMT","inverseRate":0.31667928326074},"ghs":{"code":"GHS","alphaCode":"GHS","numericCode":"936","name":"Ghanaian Cedi","rate":14.503713680874,"date":"Thu, 9 Oct 2025 07:55:14 GMT","inverseRate":0.06894785859698},"gip":{"code":"GIP","alphaCode":"GIP","numericCode":"292","name":"Gibraltar pound","rate":0.86852086852707,"date":"Thu, 9 Oct 2025 07:55:14 GMT","inverseRate":1.151382812132},"gmd":{"code":"GMD","alphaCode":"GMD","numericCode":"270","name":"Gambian dalasi","rate":83.7002391457,"date":"Thu, 9 Oct 2025 07:55:14 GMT","inverseRate":0.011947397166444},"gnf":{"code":"GNF","alphaCode":"GNF","numericCode":"324","name":"Guinean franc","rate":10072.818977121,"date":"Thu, 9 Oct 2025 07:55:14 GMT","inverseRate":9.9277074498345e-5},"gtq":{"code":"GTQ","alphaCode":"GTQ","numericCode":"320","name":"Guatemalan Quetzal","rate":8.9229885026616,"date":"Thu, 9 Oct 2025 07:55:14 GMT","inverseRate":0.1120700760403},"gyd":{"code":"GYD","alphaCode":"GYD","numericCode":"328","name":"Guyanese dollar","rate":243.69008573339,"date":"Thu, 9 Oct 2025 07:55:14 GMT","inverseRate":0.004103572769448},"hnl":{"code":"HNL","alphaCode":"HNL","numericCode":"340","name":"Honduran Lempira","rate":30.536239706393,"date":"Thu, 9 Oct 2025 07:55:14 GMT","inverseRate":0.032747974525189},"htg":{"code":"HTG","alphaCode":"HTG","numericCode":"332","name":"Haitian gourde","rate":152.20764726484,"date":"Thu, 9 Oct 2025 07:55:14 GMT","inverseRate":0.0065699721266964},"huf":{"code":"HUF","alphaCode":"HUF","numericCode":"348","name":"Hungarian Forint","rate":393.11013347709,"date":"Thu, 9 Oct 2025 07:55:14 GMT","inverseRate":0.0025438163884378},"iqd":{"code":"IQD","alphaCode":"IQD","numericCode":"368","name":"Iraqi dinar","rate":1525.8497004968,"date":"Thu, 9 Oct 2025 07:55:14 GMT","inverseRate":0.00065537254401556},"irr":{"code":"IRR","alphaCode":"IRR","numericCode":"364","name":"Iranian rial","rate":49019.20348613,"date":"Thu, 9 Oct 2025 07:55:14 GMT","inverseRate":2.04001682786e-5},"isk":{"code":"ISK","alphaCode":"ISK","numericCode":"352","name":"Icelandic Krona","rate":141.67132461991,"date":"Thu, 9 Oct 2025 07:55:14 GMT","inverseRate":0.007058591445255},"jmd":{"code":"JMD","alphaCode":"JMD","numericCode":"388","name":"Jamaican Dollar","rate":187.26737682718,"date":"Thu, 9 Oct 2025 07:55:14 GMT","inverseRate":0.0053399583896712},"kes":{"code":"KES","alphaCode":"KES","numericCode":"404","name":"Kenyan shilling","rate":150.47609326153,"date":"Thu, 9 Oct 2025 07:55:14 GMT","inverseRate":0.006645573913605},"kgs":{"code":"KGS","alphaCode":"KGS","numericCode":"417","name":"Kyrgyzstan Som","rate":101.86121906632,"date":"Thu, 9 Oct 2025 07:55:14 GMT","inverseRate":0.0098172789327108},"khr":{"code":"KHR","alphaCode":"KHR","numericCode":"116","name":"Cambodian riel","rate":4677.6687223377,"date":"Thu, 9 Oct 2025 07:55:14 GMT","inverseRate":0.00021378170609317},"kmf":{"code":"KMF","alphaCode":"KMF","numericCode":"174","name":"\tComoro franc","rate":492.73497769048,"date":"Thu, 9 Oct 2025 07:55:14 GMT","inverseRate":0.0020294885593207},"kwd":{"code":"KWD","alphaCode":"KWD","numericCode":"414","name":"Kuwaiti Dinar","rate":0.35664893260857,"date":"Thu, 9 Oct 2025 07:55:14 GMT","inverseRate":2.8038777312073},"kzt":{"code":"KZT","alphaCode":"KZT","numericCode":"398","name":"Kazakhstani Tenge","rate":629.9949128883,"date":"Thu, 9 Oct 2025 07:55:14 GMT","inverseRate":0.0015873144045169},"lak":{"code":"LAK","alphaCode":"LAK","numericCode":"418","name":"Lao kip","rate":25234.73788931,"date":"Thu, 9 Oct 2025 07:55:14 GMT","inverseRate":3.9627913092912e-5},"lkr":{"code":"LKR","alphaCode":"LKR","numericCode":"144","name":"Sri Lanka Rupee","rate":352.39025935902,"date":"Thu, 9 Oct 2025 07:55:14 GMT","inverseRate":0.0028377628877113},"lrd":{"code":"LRD","alphaCode":"LRD","numericCode":"430","name":"Liberian dollar","rate":212.91059163429,"date":"Thu, 9 Oct 2025 07:55:14 GMT","inverseRate":0.0046968072012015},"lsl":{"code":"LSL","alphaCode":"LSL","numericCode":"426","name":"Lesotho loti","rate":20.019743391456,"date":"Thu, 9 Oct 2025 07:55:14 GMT","inverseRate":0.049950690198495},"lyd":{"code":"LYD","alphaCode":"LYD","numericCode":"434","name":"Libyan Dinar","rate":6.3124552010158,"date":"Thu, 9 Oct 2025 07:55:14 GMT","inverseRate":0.15841696584858},"mad":{"code":"MAD","alphaCode":"MAD","numericCode":"504","name":"Moroccan Dirham","rate":10.630935747019,"date":"Thu, 9 Oct 2025 07:55:14 GMT","inverseRate":0.094065096788909},"mdl":{"code":"MDL","alphaCode":"MDL","numericCode":"498","name":"Moldova Lei","rate":19.538162490011,"date":"Thu, 9 Oct 2025 07:55:14 GMT","inverseRate":0.051181885733177},"mga":{"code":"MGA","alphaCode":"MGA","numericCode":"969","name":"Malagasy ariary","rate":5205.8655157701,"date":"Thu, 9 Oct 2025 07:55:14 GMT","inverseRate":0.0001920910167523},"mkd":{"code":"MKD","alphaCode":"MKD","numericCode":"807","name":"Macedonian denar","rate":61.644024537991,"date":"Thu, 9 Oct 2025 07:55:14 GMT","inverseRate":0.016222172505686},"mmk":{"code":"MMK","alphaCode":"MMK","numericCode":"104","name":"Myanma Kyat","rate":2446.0526209887,"date":"Thu, 9 Oct 2025 07:55:14 GMT","inverseRate":0.00040882194905349},"mnt":{"code":"MNT","alphaCode":"MNT","numericCode":"496","name":"Mongolian togrog","rate":4186.0072219553,"date":"Thu, 9 Oct 2025 07:55:14 GMT","inverseRate":0.00023889113108909},"mop":{"code":"MOP","alphaCode":"MOP","numericCode":"446","name":"Macanese pataca","rate":9.3369253862866,"date":"Thu, 9 Oct 2025 07:55:14 GMT","inverseRate":0.10710163770493},"mru":{"code":"MRU","alphaCode":"MRU","numericCode":"929","name":"Mauritanian ouguiya","rate":46.500109123069,"date":"Thu, 9 Oct 2025 07:55:14 GMT","inverseRate":0.021505325876835},"mur":{"code":"MUR","alphaCode":"MUR","numericCode":"480","name":"Mauritian Rupee","rate":53.081760028562,"date":"Thu, 9 Oct 2025 07:55:14 GMT","inverseRate":0.01883886290624},"mvr":{"code":"MVR","alphaCode":"MVR","numericCode":"462","name":"Maldivian rufiyaa","rate":17.964939869516,"date":"Thu, 9 Oct 2025 07:55:14 GMT","inverseRate":0.055663977016525},"mwk":{"code":"MWK","alphaCode":"MWK","numericCode":"454","name":"Malawian kwacha","rate":2020.4330908289,"date":"Thu, 9 Oct 2025 07:55:14 GMT","inverseRate":0.00049494338839489},"mxn":{"code":"MXN","alphaCode":"MXN","numericCode":"484","name":"Mexican Peso","rate":21.402332613099,"date":"Thu, 9 Oct 2025 07:55:14 GMT","inverseRate":0.046723879031203},"mzn":{"code":"MZN","alphaCode":"MZN","numericCode":"943","name":"Mozambican metical","rate":74.397683080159,"date":"Thu, 9 Oct 2025 07:55:14 GMT","inverseRate":0.013441278795236},"nad":{"code":"NAD","alphaCode":"NAD","numericCode":"516","name":"Namibian dollar","rate":20.018886033727,"date":"Thu, 9 Oct 2025 07:55:14 GMT","inverseRate":0.049952829458904},"ngn":{"code":"NGN","alphaCode":"NGN","numericCode":"566","name":"Nigerian Naira","rate":1712.8807997415,"date":"Thu, 9 Oct 2025 07:55:14 GMT","inverseRate":0.00058381178664093},"nio":{"code":"NIO","alphaCode":"NIO","numericCode":"558","name":"Nicaraguan C\u00f3rdoba","rate":42.863363174179,"date":"Thu, 9 Oct 2025 07:55:14 GMT","inverseRate":0.023329947207745},"npr":{"code":"NPR","alphaCode":"NPR","numericCode":"524","name":"Nepalese Rupee","rate":165.41123661884,"date":"Thu, 9 Oct 2025 07:55:14 GMT","inverseRate":0.0060455385041605},"omr":{"code":"OMR","alphaCode":"OMR","numericCode":"512","name":"Omani Rial","rate":0.4479422588266,"date":"Thu, 9 Oct 2025 07:55:14 GMT","inverseRate":2.2324305874144},"pab":{"code":"PAB","alphaCode":"PAB","numericCode":"590","name":"Panamanian Balboa","rate":1.1646059977862,"date":"Thu, 9 Oct 2025 07:55:14 GMT","inverseRate":0.85865949677477},"pen":{"code":"PEN","alphaCode":"PEN","numericCode":"604","name":"Peruvian Nuevo Sol","rate":4.0103784632753,"date":"Thu, 9 Oct 2025 07:55:14 GMT","inverseRate":0.24935302469765},"pgk":{"code":"PGK","alphaCode":"PGK","numericCode":"598","name":"Papua New Guinean kina","rate":4.871270439841,"date":"Thu, 9 Oct 2025 07:55:14 GMT","inverseRate":0.20528525614617},"pkr":{"code":"PKR","alphaCode":"PKR","numericCode":"586","name":"Pakistani Rupee","rate":329.05117728917,"date":"Thu, 9 Oct 2025 07:55:14 GMT","inverseRate":0.0030390409426227},"pln":{"code":"PLN","alphaCode":"PLN","numericCode":"985","name":"Polish Zloty","rate":4.2583314043381,"date":"Thu, 9 Oct 2025 07:55:14 GMT","inverseRate":0.23483376586925},"pyg":{"code":"PYG","alphaCode":"PYG","numericCode":"600","name":"Paraguayan Guaran\u00ed","rate":8135.1874593429,"date":"Thu, 9 Oct 2025 07:55:14 GMT","inverseRate":0.00012292279741526},"ron":{"code":"RON","alphaCode":"RON","numericCode":"946","name":"Romanian New Leu","rate":5.1047948682644,"date":"Thu, 9 Oct 2025 07:55:14 GMT","inverseRate":0.19589425741998},"rsd":{"code":"RSD","alphaCode":"RSD","numericCode":"941","name":"Serbian Dinar","rate":117.28347987929,"date":"Thu, 9 Oct 2025 07:55:14 GMT","inverseRate":0.0085263500113507},"rub":{"code":"RUB","alphaCode":"RUB","numericCode":"643","name":"Russian Rouble","rate":95.053504373805,"date":"Thu, 9 Oct 2025 07:55:14 GMT","inverseRate":0.010520390664056},"rwf":{"code":"RWF","alphaCode":"RWF","numericCode":"646","name":"Rwandan franc","rate":1688.7570042412,"date":"Thu, 9 Oct 2025 07:55:14 GMT","inverseRate":0.00059215150402845},"sbd":{"code":"SBD","alphaCode":"SBD","numericCode":"090","name":"Solomon Islands dollar","rate":9.5842762779149,"date":"Thu, 9 Oct 2025 07:55:14 GMT","inverseRate":0.10433755987443},"scr":{"code":"SCR","alphaCode":"SCR","numericCode":"690","name":"Seychelles rupee","rate":17.205122164737,"date":"Thu, 9 Oct 2025 07:55:14 GMT","inverseRate":0.058122226068789},"sdg":{"code":"SDG","alphaCode":"SDG","numericCode":"938","name":"Sudanese pound","rate":699.05252933463,"date":"Thu, 9 Oct 2025 07:55:14 GMT","inverseRate":0.0014305076629246},"sos":{"code":"SOS","alphaCode":"SOS","numericCode":"706","name":"Somali shilling","rate":665.71534808645,"date":"Thu, 9 Oct 2025 07:55:14 GMT","inverseRate":0.001502143525569},"srd":{"code":"SRD","alphaCode":"SRD","numericCode":"968","name":"Surinamese dollar","rate":44.394000671768,"date":"Thu, 9 Oct 2025 07:55:14 GMT","inverseRate":0.022525566177142},"ssp":{"code":"SSP","alphaCode":"SSP","numericCode":"728","name":"South Sudanese pound","rate":5350.3236727136,"date":"Thu, 9 Oct 2025 07:55:14 GMT","inverseRate":0.00018690458020324},"stn":{"code":"STN","alphaCode":"STN","numericCode":"930","name":"S\u00e3o Tom\u00e9 and Pr\u00edncipe Dobra","rate":24.564604183807,"date":"Thu, 9 Oct 2025 07:55:14 GMT","inverseRate":0.040708980796816},"svc":{"code":"SVC","alphaCode":"SVC","numericCode":"222","name":"Salvadoran colon","rate":10.192060323569,"date":"Thu, 9 Oct 2025 07:55:14 GMT","inverseRate":0.09811558882629},"syp":{"code":"SYP","alphaCode":"SYP","numericCode":"760","name":"Syrian pound","rate":15176.76406866,"date":"Thu, 9 Oct 2025 07:55:14 GMT","inverseRate":6.5890198692948e-5},"szl":{"code":"SZL","alphaCode":"SZL","numericCode":"748","name":"Swazi lilangeni","rate":20.019743391456,"date":"Thu, 9 Oct 2025 07:55:14 GMT","inverseRate":0.049950690198495},"tjs":{"code":"TJS","alphaCode":"TJS","numericCode":"972","name":"Tajikistan Ruble","rate":10.847850323046,"date":"Thu, 9 Oct 2025 07:55:14 GMT","inverseRate":0.092184162780673},"tmt":{"code":"TMT","alphaCode":"TMT","numericCode":"934","name":"New Turkmenistan Manat","rate":4.0766123035104,"date":"Thu, 9 Oct 2025 07:55:14 GMT","inverseRate":0.24530171759009},"tnd":{"code":"TND","alphaCode":"TND","numericCode":"788","name":"Tunisian Dinar","rate":3.4120033579573,"date":"Thu, 9 Oct 2025 07:55:14 GMT","inverseRate":0.29308294719812},"top":{"code":"TOP","alphaCode":"TOP","numericCode":"776","name":"Tongan pa\u02bbanga","rate":2.7591435056901,"date":"Thu, 9 Oct 2025 07:55:14 GMT","inverseRate":0.36243131172327},"try":{"code":"TRY","alphaCode":"TRY","numericCode":"949","name":"Turkish Lira","rate":48.546154179633,"date":"Thu, 9 Oct 2025 07:55:14 GMT","inverseRate":0.020598954065439},"ttd":{"code":"TTD","alphaCode":"TTD","numericCode":"780","name":"Trinidad Tobago Dollar","rate":7.895337526105,"date":"Thu, 9 Oct 2025 07:55:14 GMT","inverseRate":0.12665702975884},"tzs":{"code":"TZS","alphaCode":"TZS","numericCode":"834","name":"Tanzanian shilling","rate":2852.8712287376,"date":"Thu, 9 Oct 2025 07:55:14 GMT","inverseRate":0.00035052405798298},"uah":{"code":"UAH","alphaCode":"UAH","numericCode":"980","name":"Ukrainian Hryvnia","rate":48.219738086993,"date":"Thu, 9 Oct 2025 07:55:14 GMT","inverseRate":0.020738395513387},"ugx":{"code":"UGX","alphaCode":"UGX","numericCode":"800","name":"Ugandan shilling","rate":3998.7199581111,"date":"Thu, 9 Oct 2025 07:55:14 GMT","inverseRate":0.00025008002822793},"uyu":{"code":"UYU","alphaCode":"UYU","numericCode":"858","name":"Uruguayan Peso","rate":46.490766476739,"date":"Thu, 9 Oct 2025 07:55:14 GMT","inverseRate":0.021509647523242},"uzs":{"code":"UZS","alphaCode":"UZS","numericCode":"860","name":"Uzbekistan Sum","rate":14021.517015271,"date":"Thu, 9 Oct 2025 07:55:14 GMT","inverseRate":7.1318959204691e-5},"ves":{"code":"VES","alphaCode":"VES","numericCode":"928","name":"Venezuelan Bolivar","rate":220.03196514345,"date":"Thu, 9 Oct 2025 07:55:14 GMT","inverseRate":0.0045447942045514},"vuv":{"code":"VUV","alphaCode":"VUV","numericCode":"548","name":"Vanuatu vatu","rate":140.74486175893,"date":"Thu, 9 Oct 2025 07:55:14 GMT","inverseRate":0.0071050551153537},"wst":{"code":"WST","alphaCode":"WST","numericCode":"882","name":"Samoan tala","rate":3.2222121971211,"date":"Thu, 9 Oct 2025 07:55:14 GMT","inverseRate":0.31034579314592},"xaf":{"code":"XAF","alphaCode":"XAF","numericCode":"950","name":"Central African CFA Franc","rate":657.43661503751,"date":"Thu, 9 Oct 2025 07:55:14 GMT","inverseRate":0.0015210591821737},"xcd":{"code":"XCD","alphaCode":"XCD","numericCode":"951","name":"East Caribbean Dollar","rate":3.1452610344542,"date":"Thu, 9 Oct 2025 07:55:14 GMT","inverseRate":0.31793863499584},"xcg":{"code":"XCG","alphaCode":"XCG","numericCode":"532","name":"Caribbean guilder","rate":2.0861795658352,"date":"Thu, 9 Oct 2025 07:55:14 GMT","inverseRate":0.47934512271942},"xof":{"code":"XOF","alphaCode":"XOF","numericCode":"952","name":"West African CFA Franc","rate":656.94485774709,"date":"Thu, 9 Oct 2025 07:55:14 GMT","inverseRate":0.0015221977738427},"xpf":{"code":"XPF","alphaCode":"XPF","numericCode":"953","name":"CFP Franc","rate":119.55310327854,"date":"Thu, 9 Oct 2025 07:55:14 GMT","inverseRate":0.0083644838366947},"yer":{"code":"YER","alphaCode":"YER","numericCode":"886","name":"Yemeni rial","rate":278.36122857105,"date":"Thu, 9 Oct 2025 07:55:14 GMT","inverseRate":0.0035924543268236},"zmw":{"code":"ZMW","alphaCode":"ZMW","numericCode":"967","name":"Zambian kwacha","rate":27.635216188809,"date":"Thu, 9 Oct 2025 07:55:14 GMT","inverseRate":0.036185712938441},"cup":{"code":"CUP","alphaCode":"CUP","numericCode":"192","name":"Cuban peso","rate":27.95054394687,"date":"Thu, 9 Oct 2025 07:55:14 GMT","inverseRate":0.035777479032282}}